timestamp,date,run_type,ticker,st_window_msgs,st_msgs_per_hour,st_bullish,st_bearish,st_tagged,st_bull_ratio,reddit_relevant,news_unique,price_pct,note
2026-06-11T15:24:19.434Z,2026-06-11,morning,BTC,90,4.7,28,16,44,0.636,1,10,2,
2026-06-11T15:24:19.434Z,2026-06-11,morning,XRP,90,4.7,23,4,27,0.852,0,9,1.5,
2026-06-11T15:24:19.434Z,2026-06-11,morning,CIFR,23,1.2,13,0,13,1,0,4,-5.5,
2026-06-11T15:24:19.434Z,2026-06-11,morning,IREN,90,4.7,30,3,33,0.909,0,5,-0.2,
2026-06-11T15:24:19.434Z,2026-06-11,morning,NBIS,90,4.7,36,5,41,0.878,0,9,-1.3,
2026-06-11T15:24:19.434Z,2026-06-11,morning,AMD,90,4.7,27,7,34,0.794,0,15,-1.7,
2026-06-11T15:24:19.434Z,2026-06-11,morning,APLD,90,4.7,46,2,48,0.958,0,4,-5.2,
2026-06-11T15:24:19.434Z,2026-06-11,morning,WULF,47,2.5,22,1,23,0.957,0,1,-4.5,
2026-06-11T15:24:19.434Z,2026-06-11,morning,IBRX,89,4.7,35,6,41,0.854,0,4,-1.5,
2026-06-11T15:24:19.434Z,2026-06-11,morning,NUAI,23,1.2,19,0,19,1,0,1,6.5,
2026-06-11T15:24:19.434Z,2026-06-11,morning,CLSK,13,0.7,6,3,9,0.667,0,1,-2.6,
2026-06-11T15:24:19.434Z,2026-06-11,morning,ASST,14,0.7,9,4,13,0.692,0,0,-0.1,
2026-06-11T15:24:19.434Z,2026-06-11,morning,ABVX,13,0.7,5,1,6,0.833,0,0,-4.3,
2026-06-11T15:24:19.434Z,2026-06-11,morning,MLYS,1,0.1,1,0,1,1,0,2,-2.2,
2026-06-11T15:24:19.434Z,2026-06-11,morning,NVDA,90,4.7,32,10,42,0.762,0,15,-3.4,
2026-06-11T15:24:19.434Z,2026-06-11,morning,TSSI,2,0.1,1,1,2,0.5,0,0,-4.6,
2026-06-11T15:24:19.434Z,2026-06-11,morning,RKLB,90,4.7,35,3,38,0.921,0,12,1.9,
2026-06-11T15:24:19.434Z,2026-06-11,morning,PLTR,90,4.7,40,4,44,0.909,0,12,-2,
2026-06-11T15:24:19.434Z,2026-06-11,morning,MSFT,90,4.7,12,21,33,0.364,0,16,-3.7,
2026-06-11T15:24:19.434Z,2026-06-11,morning,HIMS,39,2.1,9,2,11,0.818,0,4,-3.3,
2026-06-11T15:24:19.434Z,2026-06-11,morning,GOOGL,90,4.7,29,7,36,0.806,1,16,-4.7,
2026-06-11T15:24:19.434Z,2026-06-11,morning,GOLD,,,,,,,0,9,-0.1,
2026-06-11T15:24:19.434Z,2026-06-11,morning,BRENT,,,,,,,0,10,-0.3,
2026-06-11T15:24:19.434Z,2026-06-11,morning,USOIL,,,,,,,0,9,0.3,
2026-06-11T15:24:19.434Z,2026-06-11,benchmark,SPY,,,,,,,,,-1.3,
2026-06-11T15:24:19.434Z,2026-06-11,benchmark,QQQ,,,,,,,,,-1.1,
2026-06-11T15:24:19.434Z,2026-06-11,morning,_RUN_,,,,,,,,24,,window=19h; sources_ok=yes
2026-06-12T12:17:48.211Z,2026-06-12,morning,BTC,90,5.6,38,7,45,0.844,0,9,0,
2026-06-12T12:17:48.211Z,2026-06-12,morning,CIFR,10,0.6,5,0,5,1,0,0,7.7,
2026-06-12T12:17:48.211Z,2026-06-12,morning,IREN,61,3.8,29,0,29,1,0,5,10.1,
2026-06-12T12:17:48.211Z,2026-06-12,morning,NBIS,90,5.6,48,1,49,0.98,0,9,5,
2026-06-12T12:17:48.211Z,2026-06-12,morning,AMD,90,5.6,28,3,31,0.903,0,14,8,
2026-06-12T12:17:48.211Z,2026-06-12,morning,APLD,90,5.6,62,5,67,0.925,0,3,6.6,
2026-06-12T12:17:48.211Z,2026-06-12,morning,WULF,37,2.3,17,4,21,0.81,0,4,9.3,
2026-06-12T12:17:48.211Z,2026-06-12,morning,IBRX,65,4.1,28,1,29,0.966,0,1,3.2,
2026-06-12T12:17:48.211Z,2026-06-12,morning,NUAI,24,1.5,14,1,15,0.933,0,0,21.9,
2026-06-12T12:17:48.211Z,2026-06-12,morning,CLSK,9,0.6,6,0,6,1,0,1,8.5,
2026-06-12T12:17:48.211Z,2026-06-12,morning,ASST,10,0.6,9,1,10,0.9,0,0,1,
2026-06-12T12:17:48.211Z,2026-06-12,morning,ABVX,4,0.3,3,0,3,1,0,0,2.9,
2026-06-12T12:17:48.211Z,2026-06-12,morning,MLYS,0,0,0,0,0,,0,0,0.8,
2026-06-12T12:17:48.211Z,2026-06-12,morning,NVDA,90,5.6,37,8,45,0.822,0,16,2.2,
2026-06-12T12:17:48.211Z,2026-06-12,morning,XRP,90,5.6,31,5,36,0.861,0,9,-0.2,
2026-06-12T12:17:48.211Z,2026-06-12,morning,TSSI,2,0.1,1,0,1,1,0,0,3.5,
2026-06-12T12:17:48.211Z,2026-06-12,morning,RKLB,90,5.6,41,7,48,0.854,0,14,9.3,
2026-06-12T12:17:48.211Z,2026-06-12,morning,PLTR,81,5.1,41,6,47,0.872,0,4,0.7,
2026-06-12T12:17:48.211Z,2026-06-12,morning,MSFT,90,5.6,24,18,42,0.571,0,12,-1.8,
2026-06-12T12:17:48.211Z,2026-06-12,morning,HIMS,15,0.9,8,0,8,1,0,0,3.9,
2026-06-12T12:17:48.211Z,2026-06-12,morning,GOOGL,60,3.8,19,2,21,0.905,0,13,0.4,
2026-06-12T12:17:48.211Z,2026-06-12,morning,GOLD,,,,,,,0,10,3.4,
2026-06-12T12:17:48.211Z,2026-06-12,morning,BRENT,,,,,,,0,10,-2.8,
2026-06-12T12:17:48.211Z,2026-06-12,morning,USOIL,,,,,,,0,10,-3,
2026-06-12T12:17:48.211Z,2026-06-12,benchmark,SPY,,,,,,,,,1.7,
2026-06-12T12:17:48.211Z,2026-06-12,benchmark,QQQ,,,,,,,,,3.4,
2026-06-12T12:17:48.211Z,2026-06-12,morning,_FEARGREED_,,,,,,0.31,,,,score=31;rating=fear;prev_close=30;week_ago=42;month_ago=66
2026-06-12T12:17:48.211Z,2026-06-12,morning,_CRYPTOFNG_,,,,,,0.12,,,,value=12;rating=Extreme Fear;yesterday=12
2026-06-12T12:17:48.211Z,2026-06-12,morning,_RUN_,,,,,,,,24,,window=16h; sources_ok=no(themeNews|reddit|companyPosts)
