timestamp,date,run_type,ticker,st_volume,st_bullish,st_bearish,st_bull_ratio,reddit_mentions,news_headlines,price_pct
2026-06-11T14:53:45.361Z,2026-06-11,morning,NVDA,30,12,5,0.706,12,14,0.3
2026-06-11T14:53:45.361Z,2026-06-11,morning,AMD,30,11,2,0.846,12,14,3.4
2026-06-11T14:53:45.361Z,2026-06-11,morning,PLTR,30,14,0,1,12,14,-1.5
2026-06-11T14:53:45.361Z,2026-06-11,morning,MSFT,30,10,7,0.588,12,14,-2.5
2026-06-11T14:53:45.361Z,2026-06-11,morning,GOOGL,30,14,4,0.778,12,14,-2.6
2026-06-11T14:53:45.361Z,2026-06-11,morning,HIMS,30,7,2,0.778,12,5,
2026-06-11T14:53:45.361Z,2026-06-11,morning,RKLB,30,11,3,0.786,12,14,
2026-06-11T14:53:45.361Z,2026-06-11,morning,IREN,30,15,1,0.938,12,9,
2026-06-11T14:53:45.361Z,2026-06-11,morning,NBIS,30,13,0,1,7,6,
2026-06-11T14:53:45.361Z,2026-06-11,morning,CIFR,30,17,1,0.944,12,7,
2026-06-11T14:53:45.361Z,2026-06-11,morning,WULF,30,18,1,0.947,3,2,
2026-06-11T14:53:45.361Z,2026-06-11,morning,CLSK,30,12,9,0.571,1,1,
2026-06-11T14:53:45.361Z,2026-06-11,morning,APLD,30,18,1,0.947,4,12,
2026-06-11T14:53:45.361Z,2026-06-11,morning,TSSI,30,7,10,0.412,0,0,
2026-06-11T14:53:45.361Z,2026-06-11,morning,IBRX,30,14,1,0.933,3,9,
