tMs,etLabel,cnnFG,cryptoFG,stBull,regimeScore,composite
1781838370070,Jun 18 2026 11:06 PM ET,38,14,,71.4,41.1
1781838391056,Jun 18 2026 11:06 PM ET,38,14,,71.4,41.1
1781838730796,Jun 18 2026 11:12 PM ET,38,14,,71.4,41.1
1781838989411,Jun 18 2026 11:16 PM ET,38,14,,71.4,41.1
1781842454841,Jun 19 2026 12:14 AM ET,37,14,,71.4,40.8
1781844794220,Jun 19 2026 12:53 AM ET,37,14,,71.4,40.8
1781878429426,Jun 19 2026 10:13 AM ET,37,14,,71.4,40.8
1781882154891,Jun 19 2026 11:15 AM ET,37,14,,71.4,40.8
1781883407223,Jun 19 2026 11:36 AM ET,37,14,,71.4,42.7
1781889537818,Jun 19 2026 1:18 PM ET,37,14,,71.4,42.7
1781890037862,Jun 19 2026 1:27 PM ET,37,14,,71.4,42.7
1781890232167,Jun 19 2026 1:30 PM ET,37,14,,71.4,42.7
1781891558107,Jun 19 2026 1:52 PM ET,37,14,,71.4,42.7
1781892902231,Jun 19 2026 2:15 PM ET,37,14,,71.4,42.7
1781894703214,Jun 19 2026 2:45 PM ET,37,14,,71.4,42.7
1781896502920,Jun 19 2026 3:15 PM ET,37,14,,71.4,42.7
1781896574174,Jun 19 2026 3:16 PM ET,37,14,,71.4,42.7
1781902203151,Jun 19 2026 4:50 PM ET,37,14,,71.4,42.7
1781903701923,Jun 19 2026 5:15 PM ET,37,14,,71.4,42.7
1781905502550,Jun 19 2026 5:45 PM ET,37,14,,71.4,42.7
1781906208567,Jun 19 2026 5:56 PM ET,37,14,,71.4,42.7
1782133202464,Jun 22 2026 9:00 AM ET,37,20,,71.4,45.7
1782134620192,Jun 22 2026 9:23 AM ET,37,20,,71.4,45.7
1782135901953,Jun 22 2026 9:45 AM ET,38,20,,71.4,45.7
1782137320049,Jun 22 2026 10:08 AM ET,39,20,,71.4,45.7
1782138601837,Jun 22 2026 10:30 AM ET,39,20,,71.4,45.7
1782140020046,Jun 22 2026 10:53 AM ET,36,20,,71.4,45.7
1782141302023,Jun 22 2026 11:15 AM ET,35,20,,71.4,45.7
1782142720049,Jun 22 2026 11:38 AM ET,36,20,,71.4,45.7
1782143931458,Jun 22 2026 11:58 AM ET,36,20,,71.4,45.7
1782145420101,Jun 22 2026 12:23 PM ET,36,20,,71.4,45.7
1782146701818,Jun 22 2026 12:45 PM ET,36,20,,71.4,45.7
1782148120212,Jun 22 2026 1:08 PM ET,36,20,,71.4,45.7
1782149402072,Jun 22 2026 1:30 PM ET,35,20,,71.4,45.7
1782150820271,Jun 22 2026 1:53 PM ET,35,20,,71.4,45.7
1782152101902,Jun 22 2026 2:15 PM ET,36,20,,71.4,45.7
1782153520117,Jun 22 2026 2:38 PM ET,36,20,,71.4,45.7
1782154801913,Jun 22 2026 3:00 PM ET,36,20,,71.4,45.7
1782156220451,Jun 22 2026 3:23 PM ET,35,20,,71.4,45.7
1782157087101,Jun 22 2026 3:38 PM ET,34,20,,71.4,45.7
1782158402136,Jun 22 2026 4:00 PM ET,34,20,,71.4,45.7
1782159820147,Jun 22 2026 4:23 PM ET,35,20,,71.4,45.7
1782161101883,Jun 22 2026 4:45 PM ET,35,20,,71.4,45.7
1782162520294,Jun 22 2026 5:08 PM ET,35,20,,71.4,45.7
1782163801975,Jun 22 2026 5:30 PM ET,35,20,,85.7,52.9
1782164924448,Jun 22 2026 5:48 PM ET,35,20,,85.7,52.9
1782219602656,Jun 23 2026 9:00 AM ET,34,23,,71.4,47.2
1782221401791,Jun 23 2026 9:30 AM ET,33,23,,57.1,40.1
1782222303790,Jun 23 2026 9:45 AM ET,28,23,,57.1,40.1
1782224101914,Jun 23 2026 10:15 AM ET,29,23,,71.4,47.2
1782225902246,Jun 23 2026 10:45 AM ET,29,23,,71.4,47.2
1782227702261,Jun 23 2026 11:15 AM ET,28,23,,71.4,47.2
1782229502145,Jun 23 2026 11:45 AM ET,28,23,,71.4,47.2
1782231301909,Jun 23 2026 12:15 PM ET,28,23,,71.4,47.2
1782231367812,Jun 23 2026 12:16 PM ET,28,23,,71.4,47.2
1782233101934,Jun 23 2026 12:45 PM ET,29,23,,71.4,47.2
1782234901955,Jun 23 2026 1:15 PM ET,29,23,,71.4,47.2
1782236702137,Jun 23 2026 1:45 PM ET,29,23,,71.4,47.2
1782238502249,Jun 23 2026 2:15 PM ET,28,23,,71.4,47.2
1782238663754,Jun 23 2026 2:17 PM ET,29,23,,71.4,47.2
1782240301955,Jun 23 2026 2:45 PM ET,28,23,,71.4,47.2
1782242101979,Jun 23 2026 3:15 PM ET,28,23,,71.4,47.2
1782243902116,Jun 23 2026 3:45 PM ET,28,23,,71.4,47.2
1782245701987,Jun 23 2026 4:15 PM ET,28,23,,71.4,47.2
1782246485400,Jun 23 2026 4:28 PM ET,28,23,,71.4,47.2
1782247587162,Jun 23 2026 4:46 PM ET,28,23,,71.4,47.2
1782251969844,Jun 23 2026 5:59 PM ET,28,23,,57.1,40.1
1782307596868,Jun 24 2026 9:26 AM ET,27,17,,57.1,37.1
1782314367851,Jun 24 2026 11:19 AM ET,28,17,,57.1,37.1
1782316167749,Jun 24 2026 11:49 AM ET,28,17,,57.1,37.1
1782316470216,Jun 24 2026 11:54 AM ET,28,17,,57.1,37.1
1782317702235,Jun 24 2026 12:15 PM ET,28,17,,57.1,37.1
1782319501952,Jun 24 2026 12:45 PM ET,28,17,,57.1,37.1
1782321302997,Jun 24 2026 1:15 PM ET,27,17,,57.1,37.1
1782323101845,Jun 24 2026 1:45 PM ET,26,17,,57.1,37.1
1782324203061,Jun 24 2026 2:03 PM ET,26,17,,57.1,37.1
1782325802035,Jun 24 2026 2:30 PM ET,26,17,,57.1,37.1
1782327602470,Jun 24 2026 3:00 PM ET,26,17,,57.1,37.1
1782329402279,Jun 24 2026 3:30 PM ET,25,17,,57.1,37.1
1782331202002,Jun 24 2026 4:00 PM ET,26,17,,57.1,37.1
1782331587421,Jun 24 2026 4:06 PM ET,26,17,,57.1,37.1
1782333002383,Jun 24 2026 4:30 PM ET,26,17,,57.1,37.1
1782334802098,Jun 24 2026 5:00 PM ET,26,17,,57.1,37.1
1782336602106,Jun 24 2026 5:30 PM ET,26,17,,57.1,37.1
1782337476589,Jun 24 2026 5:44 PM ET,26,17,,57.1,37.1
1782392402079,Jun 25 2026 9:00 AM ET,26,12,,57.1,34.6
1782393820628,Jun 25 2026 9:23 AM ET,26,12,,57.1,34.6
1782395101948,Jun 25 2026 9:45 AM ET,26,12,,57.1,34.6
1782396901921,Jun 25 2026 10:15 AM ET,28,12,,57.1,34.6
1782398702006,Jun 25 2026 10:45 AM ET,27,12,,57.1,34.6
1782400501971,Jun 25 2026 11:15 AM ET,27,12,,57.1,34.6
1782402301901,Jun 25 2026 11:45 AM ET,26,12,,57.1,34.6
1782403483963,Jun 25 2026 12:04 PM ET,26,12,,57.1,34.6
1782405001791,Jun 25 2026 12:30 PM ET,27,12,,57.1,34.6
1782406801932,Jun 25 2026 1:00 PM ET,26,12,,57.1,34.6
1782408601866,Jun 25 2026 1:30 PM ET,26,12,,57.1,34.6
1782410401931,Jun 25 2026 2:00 PM ET,26,12,,57.1,34.6
1782411903547,Jun 25 2026 2:25 PM ET,26,12,,42.9,27.4
1782413102035,Jun 25 2026 2:45 PM ET,26,12,,42.9,27.4
1782414902000,Jun 25 2026 3:15 PM ET,26,12,,42.9,27.4
1782416702088,Jun 25 2026 3:45 PM ET,25,12,,42.9,27.4
1782418501927,Jun 25 2026 4:15 PM ET,25,12,,42.9,27.4
1782419598265,Jun 25 2026 4:33 PM ET,25,12,,42.9,27.4
1782479085251,Jun 26 2026 9:04 AM ET,25,13,,42.9,27.9
1782479873232,Jun 26 2026 9:17 AM ET,25,13,,42.9,27.9
1782481501896,Jun 26 2026 9:45 AM ET,24,13,,42.9,27.9
1782482684517,Jun 26 2026 10:04 AM ET,24,13,,57.1,35.1
1782484201916,Jun 26 2026 10:30 AM ET,25,13,,57.1,35.1
1782485384293,Jun 26 2026 10:49 AM ET,25,13,,57.1,35.1
1782486901888,Jun 26 2026 11:15 AM ET,25,13,,57.1,35.1
1782488040919,Jun 26 2026 11:34 AM ET,25,13,,57.1,35.1
1782489602155,Jun 26 2026 12:00 PM ET,26,13,,57.1,35.1
1782490784393,Jun 26 2026 12:19 PM ET,26,13,,57.1,35.1
1782492302176,Jun 26 2026 12:45 PM ET,25,13,,57.1,35.1
1782493484529,Jun 26 2026 1:04 PM ET,25,13,,57.1,35.1
1782494591430,Jun 26 2026 1:23 PM ET,25,13,,57.1,35.1
1782495901871,Jun 26 2026 1:45 PM ET,25,13,,57.1,35.1
1782497084326,Jun 26 2026 2:04 PM ET,25,13,,57.1,35.1
1782498601732,Jun 26 2026 2:30 PM ET,25,13,,57.1,35.1
1782499784407,Jun 26 2026 2:49 PM ET,25,13,,57.1,35.1
1782501301958,Jun 26 2026 3:15 PM ET,25,13,,57.1,35.1
1782501453268,Jun 26 2026 3:17 PM ET,25,13,,57.1,35.1
1782503102598,Jun 26 2026 3:45 PM ET,25,13,,57.1,35.1
1782504902191,Jun 26 2026 4:15 PM ET,25,13,,57.1,35.1
1782506702647,Jun 26 2026 4:45 PM ET,25,13,,57.1,35.1
1782507594346,Jun 26 2026 4:59 PM ET,25,13,,57.1,35.1
1782509402142,Jun 26 2026 5:30 PM ET,25,13,,57.1,35.1
1782736816471,Jun 29 2026 8:40 AM ET,25,12,,57.1,34.6
1782738001969,Jun 29 2026 9:00 AM ET,25,12,,57.1,34.6
1782739515367,Jun 29 2026 9:25 AM ET,25,12,,57.1,34.6
1782740702158,Jun 29 2026 9:45 AM ET,25,12,,57.1,34.6
1782742215471,Jun 29 2026 10:10 AM ET,27,12,,57.1,34.6
1782743401987,Jun 29 2026 10:30 AM ET,25,12,,57.1,34.6
1782744700293,Jun 29 2026 10:51 AM ET,26,12,,57.1,34.6
1782745815516,Jun 29 2026 11:10 AM ET,26,12,,57.1,34.6
1782747002088,Jun 29 2026 11:30 AM ET,26,12,,57.1,34.6
1782748515572,Jun 29 2026 11:55 AM ET,26,12,,57.1,34.6
1782749701923,Jun 29 2026 12:15 PM ET,26,12,,57.1,34.6
1782751215097,Jun 29 2026 12:40 PM ET,26,12,,57.1,34.6
1782752401738,Jun 29 2026 1:00 PM ET,26,12,,57.1,34.6
1782753915258,Jun 29 2026 1:25 PM ET,27,12,,57.1,34.6
1782754170178,Jun 29 2026 1:29 PM ET,27,12,,57.1,34.6
1782755715264,Jun 29 2026 1:55 PM ET,27,12,,57.1,34.6
1782756901724,Jun 29 2026 2:15 PM ET,27,12,,57.1,34.6
1782758415726,Jun 29 2026 2:40 PM ET,27,12,,57.1,34.6
1782759602189,Jun 29 2026 3:00 PM ET,27,12,,57.1,34.6
1782760987987,Jun 29 2026 3:23 PM ET,27,12,,57.1,34.6
1782762301982,Jun 29 2026 3:45 PM ET,27,12,,57.1,34.6
1782763815842,Jun 29 2026 4:10 PM ET,27,12,,57.1,34.6
1782765001838,Jun 29 2026 4:30 PM ET,27,12,,57.1,34.6
1782767221547,Jun 29 2026 5:07 PM ET,27,12,,57.1,34.6
1782824133878,Jun 30 2026 8:55 AM ET,27,15,,42.9,28.9
1782825087929,Jun 30 2026 9:11 AM ET,27,15,,42.9,28.9
1782826833411,Jun 30 2026 9:40 AM ET,27,15,,42.9,28.9
1782828633462,Jun 30 2026 10:10 AM ET,29,15,,42.9,28.9
1782830433563,Jun 30 2026 10:40 AM ET,30,15,,42.9,28.9
1782832502364,Jun 30 2026 11:15 AM ET,29,15,,42.9,28.9
1782834137385,Jun 30 2026 11:42 AM ET,30,15,,42.9,28.9
1782838802151,Jun 30 2026 1:00 PM ET,30,15,,42.9,28.9
1782840601988,Jun 30 2026 1:30 PM ET,30,15,,42.9,28.9
1782842401938,Jun 30 2026 2:00 PM ET,30,15,,42.9,28.9
1782844201868,Jun 30 2026 2:30 PM ET,31,15,,42.9,28.9
1782846001986,Jun 30 2026 3:00 PM ET,31,15,,42.9,28.9
1782847390023,Jun 30 2026 3:23 PM ET,31,15,,42.9,28.9
1782848714061,Jun 30 2026 3:45 PM ET,,,,42.9,42.9
1782850501962,Jun 30 2026 4:15 PM ET,31,15,,42.9,28.9
1782852302113,Jun 30 2026 4:45 PM ET,31,15,,42.9,28.9
1782854005012,Jun 30 2026 5:13 PM ET,31,15,,42.9,28.9
1782913110191,Jul 1 2026 9:38 AM ET,31,11,,57.1,34.1
1782917378610,Jul 1 2026 10:49 AM ET,33,11,,57.1,34.1
1782919177487,Jul 1 2026 11:19 AM ET,33,11,,57.1,34.1
1782922219662,Jul 1 2026 12:10 PM ET,34,11,,57.1,34.1
1782929818443,Jul 1 2026 2:16 PM ET,33,11,,57.1,34.1
1782937175427,Jul 1 2026 4:19 PM ET,32,11,,57.1,34.1
1782942881134,Jul 1 2026 5:54 PM ET,32,11,,57.1,34.1
1782996907336,Jul 2 2026 8:55 AM ET,30,19,,57.1,38.1
1782997373890,Jul 2 2026 9:02 AM ET,30,19,,57.1,38.1
1782998706653,Jul 2 2026 9:25 AM ET,30,19,,57.1,38.1
1783000506880,Jul 2 2026 9:55 AM ET,37,19,,57.1,38.1
1783002306575,Jul 2 2026 10:25 AM ET,37,19,,42.9,30.9
1783004106501,Jul 2 2026 10:55 AM ET,34,19,,42.9,30.9
1783005906739,Jul 2 2026 11:25 AM ET,32,19,,42.9,30.9
1783006083277,Jul 2 2026 11:28 AM ET,32,19,,42.9,30.9
1783007706748,Jul 2 2026 11:55 AM ET,32,19,,42.9,30.9
1783009506715,Jul 2 2026 12:25 PM ET,31,19,,42.9,30.9
1783011306710,Jul 2 2026 12:55 PM ET,31,19,,42.9,30.9
1783012390519,Jul 2 2026 1:13 PM ET,31,19,,42.9,30.9
1783014006924,Jul 2 2026 1:40 PM ET,30,19,,42.9,30.9
1783015806809,Jul 2 2026 2:10 PM ET,30,19,,42.9,30.9
1783017606687,Jul 2 2026 2:40 PM ET,31,19,,42.9,30.9
1783018210426,Jul 2 2026 2:50 PM ET,31,19,,42.9,30.9
1783019406566,Jul 2 2026 3:10 PM ET,31,19,,42.9,30.9
1783021206841,Jul 2 2026 3:40 PM ET,31,19,,42.9,30.9
1783023006883,Jul 2 2026 4:10 PM ET,31,19,,42.9,30.9
1783023181010,Jul 2 2026 4:13 PM ET,31,19,,42.9,30.9
1783024806785,Jul 2 2026 4:40 PM ET,31,19,,42.9,30.9
1783026607838,Jul 2 2026 5:10 PM ET,31,19,,42.9,30.9
1783028113152,Jul 2 2026 5:35 PM ET,31,19,,42.9,30.9
1783083602954,Jul 3 2026 9:00 AM ET,32,21,,42.9,31.9
1783083726762,Jul 3 2026 9:02 AM ET,32,21,,42.9,31.9
1783085401997,Jul 3 2026 9:30 AM ET,32,21,,42.9,31.9
1783086553926,Jul 3 2026 9:49 AM ET,32,21,,42.9,31.9
1783088101952,Jul 3 2026 10:15 AM ET,32,21,,42.9,31.9
1783089253564,Jul 3 2026 10:34 AM ET,32,21,,42.9,31.9
1783090802041,Jul 3 2026 11:00 AM ET,32,21,,42.9,31.9
1783091953578,Jul 3 2026 11:19 AM ET,32,21,,42.9,31.9
1783092089105,Jul 3 2026 11:21 AM ET,32,21,,42.9,31.9
1783093501908,Jul 3 2026 11:45 AM ET,32,21,,42.9,31.9
1783094653699,Jul 3 2026 12:04 PM ET,32,21,,42.9,31.9
1783096202055,Jul 3 2026 12:30 PM ET,32,21,,42.9,31.9
1783097353833,Jul 3 2026 12:49 PM ET,32,21,,42.9,31.9
1783097475795,Jul 3 2026 12:51 PM ET,32,21,,42.9,31.9
1783098901893,Jul 3 2026 1:15 PM ET,32,21,,42.9,31.9
1783100053586,Jul 3 2026 1:34 PM ET,32,21,,42.9,31.9
1783101601995,Jul 3 2026 2:00 PM ET,32,21,,42.9,31.9
1783102078463,Jul 3 2026 2:07 PM ET,32,21,,42.9,31.9
1783103401974,Jul 3 2026 2:30 PM ET,32,21,,42.9,31.9
1783104553525,Jul 3 2026 2:49 PM ET,32,21,,42.9,31.9
1783106101900,Jul 3 2026 3:15 PM ET,32,21,,42.9,31.9
1783107254155,Jul 3 2026 3:34 PM ET,32,21,,42.9,31.9
1783108100389,Jul 3 2026 3:48 PM ET,32,21,,42.9,31.9
1783109702645,Jul 3 2026 4:15 PM ET,32,21,,42.9,31.9
1783111700110,Jul 3 2026 4:48 PM ET,32,21,,42.9,31.9
1783115479513,Jul 3 2026 5:51 PM ET,32,21,,42.9,31.9
1783343389177,Jul 6 2026 9:09 AM ET,34,24,,42.9,33.4
1783344601959,Jul 6 2026 9:30 AM ET,34,24,,57.1,40.6
1783346088011,Jul 6 2026 9:54 AM ET,44,24,,57.1,40.6
1783347301857,Jul 6 2026 10:15 AM ET,44,24,,57.1,40.6
1783348333951,Jul 6 2026 10:32 AM ET,44,24,,57.1,40.6
1783349687899,Jul 6 2026 10:54 AM ET,45,24,,57.1,40.6
1783350902076,Jul 6 2026 11:15 AM ET,45,24,,57.1,40.6
1783352388018,Jul 6 2026 11:39 AM ET,45,24,,57.1,40.6
1783353602045,Jul 6 2026 12:00 PM ET,45,24,,57.1,40.6
1783355087953,Jul 6 2026 12:24 PM ET,45,24,,57.1,40.6
1783356301928,Jul 6 2026 12:45 PM ET,45,24,,57.1,40.6
1783357787974,Jul 6 2026 1:09 PM ET,45,24,,57.1,40.6
1783358594002,Jul 6 2026 1:23 PM ET,45,24,,57.1,40.6
1783359902120,Jul 6 2026 1:45 PM ET,45,24,,57.1,40.6
1783361388424,Jul 6 2026 2:09 PM ET,44,24,,57.1,40.6
1783362602201,Jul 6 2026 2:30 PM ET,45,24,,57.1,40.6
1783364088361,Jul 6 2026 2:54 PM ET,45,24,,57.1,40.6
1783365302339,Jul 6 2026 3:15 PM ET,45,24,,57.1,40.6
1783365553801,Jul 6 2026 3:19 PM ET,45,24,,57.1,40.6
1783366789066,Jul 6 2026 3:39 PM ET,45,24,,57.1,40.6
1783368003239,Jul 6 2026 4:00 PM ET,45,24,,57.1,40.6
1783369802929,Jul 6 2026 4:30 PM ET,44,24,,57.1,40.6
1783371288157,Jul 6 2026 4:54 PM ET,44,24,,57.1,40.6
1783371993688,Jul 6 2026 5:06 PM ET,44,24,,57.1,40.6
1783429491824,Jul 7 2026 9:04 AM ET,45,27,,57.1,42.1
1783430650203,Jul 7 2026 9:24 AM ET,45,27,,57.1,42.1
1783431901865,Jul 7 2026 9:45 AM ET,43,27,,42.9,34.9
1783433089379,Jul 7 2026 10:04 AM ET,44,27,,57.1,42.1
1783434602586,Jul 7 2026 10:30 AM ET,41,27,,57.1,42.1
1783435789268,Jul 7 2026 10:49 AM ET,41,27,,57.1,42.1
1783437302356,Jul 7 2026 11:15 AM ET,41,27,,57.1,42.1
1783438489349,Jul 7 2026 11:34 AM ET,41,27,,57.1,42.1
1783440001954,Jul 7 2026 12:00 PM ET,41,27,,57.1,42.1
1783440290817,Jul 7 2026 12:04 PM ET,42,27,,57.1,42.1
1783441801781,Jul 7 2026 12:30 PM ET,43,27,,57.1,42.1
1783442989032,Jul 7 2026 12:49 PM ET,43,27,,57.1,42.1
1783444502144,Jul 7 2026 1:15 PM ET,44,27,,71.4,49.2
1783445689252,Jul 7 2026 1:34 PM ET,44,27,,71.4,49.2
1783447201947,Jul 7 2026 2:00 PM ET,44,27,,71.4,49.2
1783448351618,Jul 7 2026 2:19 PM ET,44,27,,71.4,49.2
1783449901938,Jul 7 2026 2:45 PM ET,43,27,,71.4,49.2
1783451089502,Jul 7 2026 3:04 PM ET,43,27,,71.4,49.2
1783452602113,Jul 7 2026 3:30 PM ET,42,27,,71.4,49.2
1783453789239,Jul 7 2026 3:49 PM ET,43,27,,71.4,49.2
1783455302042,Jul 7 2026 4:15 PM ET,43,27,,71.4,49.2
1783455573614,Jul 7 2026 4:19 PM ET,43,27,,71.4,49.2
1783457101896,Jul 7 2026 4:45 PM ET,43,27,,71.4,49.2
1783458289258,Jul 7 2026 5:04 PM ET,43,27,,71.4,49.2
1783460883968,Jul 7 2026 5:48 PM ET,43,27,,71.4,49.2
1783514849339,Jul 8 2026 8:47 AM ET,43,20,,71.4,45.7
1783516502430,Jul 8 2026 9:15 AM ET,43,20,,71.4,45.7
1783517672306,Jul 8 2026 9:34 AM ET,44,20,,57.1,38.6
1783519202410,Jul 8 2026 10:00 AM ET,42,20,,57.1,38.6
1783520372527,Jul 8 2026 10:19 AM ET,43,20,,57.1,38.6
1783521902117,Jul 8 2026 10:45 AM ET,42,20,,57.1,38.6
1783522990006,Jul 8 2026 11:03 AM ET,41,20,,57.1,38.6
1783524602610,Jul 8 2026 11:30 AM ET,40,20,,57.1,38.6
1783525772670,Jul 8 2026 11:49 AM ET,40,20,,57.1,38.6
1783527302044,Jul 8 2026 12:15 PM ET,40,20,,57.1,38.6
1783528472512,Jul 8 2026 12:34 PM ET,41,20,,57.1,38.6
1783529228464,Jul 8 2026 12:47 PM ET,41,20,,57.1,38.6
1783530901999,Jul 8 2026 1:15 PM ET,42,20,,57.1,38.6
1783532072525,Jul 8 2026 1:34 PM ET,42,20,,42.9,31.4
1783533602129,Jul 8 2026 2:00 PM ET,42,20,,57.1,38.6
1783534204207,Jul 8 2026 2:10 PM ET,42,20,,42.9,31.4
1783535401829,Jul 8 2026 2:30 PM ET,42,20,,57.1,38.6
1783536572640,Jul 8 2026 2:49 PM ET,42,20,,42.9,31.4
1783538101982,Jul 8 2026 3:15 PM ET,42,20,,42.9,31.4
1783539272324,Jul 8 2026 3:34 PM ET,42,20,,42.9,31.4
1783540541705,Jul 8 2026 3:55 PM ET,42,20,,42.9,31.4
1783541701853,Jul 8 2026 4:15 PM ET,42,20,,42.9,31.4
1783542872705,Jul 8 2026 4:34 PM ET,42,20,,42.9,31.4
1783544672472,Jul 8 2026 5:04 PM ET,42,20,,42.9,31.4
1783545491332,Jul 8 2026 5:18 PM ET,42,20,,42.9,31.4
1783602035115,Jul 9 2026 9:00 AM ET,42,22,,42.9,32.4
1783603834130,Jul 9 2026 9:30 AM ET,42,22,,42.9,32.4
1783605140478,Jul 9 2026 9:52 AM ET,46,22,,42.9,32.4
1783606533509,Jul 9 2026 10:15 AM ET,47,22,,57.1,39.6
1783608333551,Jul 9 2026 10:45 AM ET,46,22,,57.1,39.6
1783610133700,Jul 9 2026 11:15 AM ET,47,22,,57.1,39.6
1783614229934,Jul 9 2026 12:23 PM ET,48,22,,57.1,39.6
1783615533445,Jul 9 2026 12:45 PM ET,47,22,,57.1,39.6
1783617333619,Jul 9 2026 1:15 PM ET,47,22,,42.9,32.4
1783619133489,Jul 9 2026 1:45 PM ET,48,22,,42.9,32.4
1783620934416,Jul 9 2026 2:15 PM ET,48,22,,42.9,32.4
1783621176868,Jul 9 2026 2:19 PM ET,47,22,,42.9,32.4
1783622733466,Jul 9 2026 2:45 PM ET,47,22,,42.9,32.4
1783624533693,Jul 9 2026 3:15 PM ET,47,22,,42.9,32.4
1783626333809,Jul 9 2026 3:45 PM ET,47,22,,42.9,32.4
1783627990488,Jul 9 2026 4:13 PM ET,47,22,,42.9,32.4
1783629933535,Jul 9 2026 4:45 PM ET,47,22,,42.9,32.4
1783631734056,Jul 9 2026 5:15 PM ET,47,22,,57.1,39.6
1783633534215,Jul 9 2026 5:45 PM ET,47,22,,57.1,39.6
1783633708369,Jul 9 2026 5:48 PM ET,47,22,,57.1,39.6
1783688404345,Jul 10 2026 9:00 AM ET,47,23,,57.1,40.1
1783689437569,Jul 10 2026 9:17 AM ET,47,23,,57.1,40.1
1783691101789,Jul 10 2026 9:45 AM ET,46,23,,71.4,47.2
1783692231177,Jul 10 2026 10:03 AM ET,49,23,,71.4,47.2
1783693801817,Jul 10 2026 10:30 AM ET,50,23,,71.4,47.2
1783694931096,Jul 10 2026 10:48 AM ET,47,23,,71.4,47.2
1783696501947,Jul 10 2026 11:15 AM ET,47,23,,71.4,47.2
1783697630978,Jul 10 2026 11:33 AM ET,47,23,,71.4,47.2
1783698099792,Jul 10 2026 11:41 AM ET,48,23,,71.4,47.2
1783699201907,Jul 10 2026 12:00 PM ET,47,23,,71.4,47.2
1783700331193,Jul 10 2026 12:18 PM ET,48,23,,85.7,54.4
1783701901846,Jul 10 2026 12:45 PM ET,48,23,,85.7,54.4
1783703031393,Jul 10 2026 1:03 PM ET,49,23,,71.4,47.2
1783704556470,Jul 10 2026 1:29 PM ET,48,23,,71.4,47.2
1783705731026,Jul 10 2026 1:48 PM ET,48,23,,71.4,47.2
1783707301853,Jul 10 2026 2:15 PM ET,48,23,,71.4,47.2
1783708430938,Jul 10 2026 2:33 PM ET,49,23,,71.4,47.2
1783710001851,Jul 10 2026 3:00 PM ET,49,23,,71.4,47.2
1783710389233,Jul 10 2026 3:06 PM ET,49,23,,71.4,47.2
1783711801917,Jul 10 2026 3:30 PM ET,49,23,,71.4,47.2
1783712930909,Jul 10 2026 3:48 PM ET,49,23,,71.4,47.2
1783714501797,Jul 10 2026 4:15 PM ET,49,23,,71.4,47.2
1783715630934,Jul 10 2026 4:33 PM ET,49,23,,71.4,47.2
1783716138739,Jul 10 2026 4:42 PM ET,49,23,,71.4,47.2
1783717431089,Jul 10 2026 5:03 PM ET,49,23,,71.4,47.2
1783719001874,Jul 10 2026 5:30 PM ET,49,23,,71.4,47.2
1783719814885,Jul 10 2026 5:43 PM ET,49,23,,71.4,47.2
1783947336476,Jul 13 2026 8:55 AM ET,49,28,,71.4,49.7
1783948502235,Jul 13 2026 9:15 AM ET,49,28,,71.4,49.7
1783949290628,Jul 13 2026 9:28 AM ET,49,28,,71.4,49.7
1783958780136,Jul 13 2026 12:06 PM ET,45,28,,71.4,49.7
1783965952204,Jul 13 2026 2:05 PM ET,44,28,,71.4,49.7
1783972098256,Jul 13 2026 3:48 PM ET,43,28,,71.4,49.7
1783975504234,Jul 13 2026 4:45 PM ET,44,28,,71.4,49.7
1783978799700,Jul 13 2026 5:39 PM ET,44,28,,57.1,42.6
1784031584222,Jul 14 2026 8:19 AM ET,44,22,,57.1,39.6
1784038786779,Jul 14 2026 10:19 AM ET,44,22,,71.4,46.7
1784044367756,Jul 14 2026 11:52 AM ET,44,22,,71.4,46.7
1784048955970,Jul 14 2026 1:09 PM ET,43,22,,71.4,46.7
1784052977669,Jul 14 2026 2:16 PM ET,44,22,,71.4,46.7
1784058532887,Jul 14 2026 3:48 PM ET,43,22,,71.4,46.7
1784061967014,Jul 14 2026 4:46 PM ET,43,22,,57.1,39.6
1784065346228,Jul 14 2026 5:42 PM ET,43,22,,85.7,53.9
1784118050590,Jul 15 2026 8:20 AM ET,44,25,,57.1,41.1
1784125032029,Jul 15 2026 10:17 AM ET,49,25,,57.1,41.1
1784130966822,Jul 15 2026 11:56 AM ET,47,25,,71.4,48.2
1784136342196,Jul 15 2026 1:25 PM ET,45,25,,71.4,48.2
1784140837024,Jul 15 2026 2:40 PM ET,47,25,,71.4,48.2
1784145123353,Jul 15 2026 3:52 PM ET,45,25,,71.4,48.2
1784148735317,Jul 15 2026 4:52 PM ET,46,25,,71.4,48.2
1784152342220,Jul 15 2026 5:52 PM ET,46,25,,57.1,41.1
1784204761016,Jul 16 2026 8:26 AM ET,47,25,,57.1,41.1
1784212501052,Jul 16 2026 10:35 AM ET,48,25,,71.4,48.2
1784217767371,Jul 16 2026 12:02 PM ET,47,25,,71.4,48.2
1784223395130,Jul 16 2026 1:36 PM ET,46,25,,71.4,48.2
1784227616375,Jul 16 2026 2:46 PM ET,42,25,,85.7,55.4
1784231525618,Jul 16 2026 3:52 PM ET,40,25,,85.7,55.4
1784234989314,Jul 16 2026 4:49 PM ET,42,25,,85.7,55.4
1784238717455,Jul 16 2026 5:51 PM ET,42,25,,85.7,55.4
1784290624060,Jul 17 2026 8:17 AM ET,43,27,,85.7,56.4
1784297304357,Jul 17 2026 10:08 AM ET,38,27,,71.4,49.2
1784302670289,Jul 17 2026 11:37 AM ET,38,27,,71.4,49.2
1784306752229,Jul 17 2026 12:45 PM ET,39,27,,71.4,49.2
1784310748855,Jul 17 2026 1:52 PM ET,39,27,,71.4,49.2
1784314724579,Jul 17 2026 2:58 PM ET,38,27,,71.4,49.2
1784319117295,Jul 17 2026 4:11 PM ET,38,27,,71.4,49.2
1784322560861,Jul 17 2026 5:09 PM ET,37,27,,71.4,49.2
1784553097268,Jul 20 2026 9:11 AM ET,37,29,,71.4,50.2
1784560899950,Jul 20 2026 11:21 AM ET,38,29,,71.4,50.2
1784566313704,Jul 20 2026 12:51 PM ET,40,29,,71.4,50.2
1784573347991,Jul 20 2026 2:49 PM ET,38,29,,71.4,50.2
1784578463645,Jul 20 2026 4:14 PM ET,38,29,,71.4,50.2
1784583399078,Jul 20 2026 5:36 PM ET,38,29,,71.4,50.2
1784637699371,Jul 21 2026 8:41 AM ET,37,25,,71.4,48.2
1784645300208,Jul 21 2026 10:48 AM ET,40,25,,42.9,33.9
1784650196838,Jul 21 2026 12:09 PM ET,41,25,,42.9,33.9
1784655923847,Jul 21 2026 1:45 PM ET,41,25,,42.9,33.9
1784660313333,Jul 21 2026 2:58 PM ET,41,25,,42.9,33.9
1784665336472,Jul 21 2026 4:22 PM ET,41,25,,42.9,33.9
1784669865399,Jul 21 2026 5:37 PM ET,41,25,,42.9,33.9
1784724223542,Jul 22 2026 8:43 AM ET,41,33,,42.9,37.9
1784731761944,Jul 22 2026 10:49 AM ET,44,33,,42.9,37.9
1784736608705,Jul 22 2026 12:10 PM ET,44,33,,42.9,37.9
1784742075175,Jul 22 2026 1:41 PM ET,44,33,,42.9,37.9
1784746067718,Jul 22 2026 2:47 PM ET,43,33,,42.9,37.9
1784750575834,Jul 22 2026 4:02 PM ET,43,33,,42.9,37.9
1784755125587,Jul 22 2026 5:18 PM ET,43,33,,42.9,37.9
1784810708687,Jul 23 2026 8:45 AM ET,43,31,,42.9,36.9
1784818550030,Jul 23 2026 10:55 AM ET,41,31,,57.1,44.1
1784824855337,Jul 23 2026 12:40 PM ET,41,31,,57.1,44.1
1784829671440,Jul 23 2026 2:01 PM ET,40,31,,57.1,44.1
1784835598786,Jul 23 2026 3:39 PM ET,40,31,,57.1,44.1
1784839359239,Jul 23 2026 4:42 PM ET,40,31,,57.1,44.1
1784843151620,Jul 23 2026 5:45 PM ET,40,31,,71.4,51.2
1784895855219,Jul 24 2026 8:24 AM ET,39,28,,71.4,49.7
1784902939043,Jul 24 2026 10:22 AM ET,39,28,,57.1,42.6
1784908335137,Jul 24 2026 11:52 AM ET,41,28,,57.1,42.6
1784913802605,Jul 24 2026 1:23 PM ET,40,28,,71.4,49.7
1784919708971,Jul 24 2026 3:01 PM ET,39,28,,57.1,42.6
1784925463343,Jul 24 2026 4:37 PM ET,39,28,,57.1,42.6
1784929495556,Jul 24 2026 5:44 PM ET,39,28,,42.9,35.4
1785159747559,Jul 27 2026 9:42 AM ET,41,30,,57.1,43.6
1785168229636,Jul 27 2026 12:03 PM ET,39,30,,42.9,36.4
1785174882889,Jul 27 2026 1:54 PM ET,39,30,,57.1,43.6
1785181613154,Jul 27 2026 3:46 PM ET,40,30,,57.1,43.6
1785185795387,Jul 27 2026 4:56 PM ET,40,30,,42.9,36.4
1785243487257,Jul 28 2026 8:58 AM ET,41,29,,57.1,43.1
1785252449696,Jul 28 2026 11:27 AM ET,38,29,,57.1,43.1
1785258148057,Jul 28 2026 1:02 PM ET,38,29,,57.1,43.1
1785263909709,Jul 28 2026 2:38 PM ET,38,29,,57.1,43.1
1785269164096,Jul 28 2026 4:06 PM ET,38,29,,57.1,43.1
1785274255019,Jul 28 2026 5:30 PM ET,38,29,,57.1,43.1
1785330312472,Jul 29 2026 9:05 AM ET,40,29,,57.1,43.1
1785338301904,Jul 29 2026 11:18 AM ET,34,29,,57.1,43.1
1785343321693,Jul 29 2026 12:42 PM ET,34,29,,57.1,43.1
1785347836082,Jul 29 2026 1:57 PM ET,36,29,,57.1,43.1
1785353765414,Jul 29 2026 3:36 PM ET,36,29,,71.4,50.2
1785357327378,Jul 29 2026 4:35 PM ET,32,29,,71.4,50.2
1785360963075,Jul 29 2026 5:36 PM ET,32,29,,71.4,50.2
1785415802126,Jul 30 2026 8:50 AM ET,34,28,,71.4,49.7
1785423522860,Jul 30 2026 10:58 AM ET,38,28,,71.4,49.7
1785429744226,Jul 30 2026 12:42 PM ET,38,28,,71.4,49.7
1785434624786,Jul 30 2026 2:03 PM ET,38,28,,71.4,49.7
1785441026982,Jul 30 2026 3:50 PM ET,39,28,,71.4,49.7
1785444822194,Jul 30 2026 4:53 PM ET,39,28,,71.4,49.7
1785502940982,Jul 31 2026 9:02 AM ET,39,25,,71.4,48.2
1785511601005,Jul 31 2026 11:26 AM ET,41,25,,83.3,54.2
1785517638417,Jul 31 2026 1:07 PM ET,43,25,,83.3,54.2
1785523444409,Jul 31 2026 2:44 PM ET,44,25,,83.3,54.2
1785528757261,Jul 31 2026 4:12 PM ET,43,25,,71.4,48.2
1785533548504,Jul 31 2026 5:32 PM ET,42,25,,71.4,48.2
1785764741785,Aug 3 2026 9:45 AM ET,45,28,,85.7,56.9
1785773492252,Aug 3 2026 12:11 PM ET,45,28,,71.4,49.7
1785780436014,Aug 3 2026 2:07 PM ET,45,28,,71.4,49.7
1785786962720,Aug 3 2026 3:56 PM ET,46,28,,71.4,49.7
1785791626663,Aug 3 2026 5:13 PM ET,46,28,,71.4,49.7
1785848778890,Aug 4 2026 9:06 AM ET,51,25,,71.4,48.2
1785857641097,Aug 4 2026 11:34 AM ET,57,25,,71.4,48.2
1785863979847,Aug 4 2026 1:19 PM ET,59,25,,71.4,48.2
1785869999099,Aug 4 2026 2:59 PM ET,59,25,,71.4,48.2
1785875922397,Aug 4 2026 4:38 PM ET,58,25,,71.4,48.2
1785880534833,Aug 4 2026 5:55 PM ET,58,25,,71.4,48.2
1785934766720,Aug 5 2026 8:59 AM ET,59,27,,71.4,49.2
1785943352440,Aug 5 2026 11:22 AM ET,61,27,,71.4,49.2
1785949140609,Aug 5 2026 12:59 PM ET,61,27,,85.7,56.4
1785955276102,Aug 5 2026 2:41 PM ET,60,27,,85.7,56.4
1785960905501,Aug 5 2026 4:15 PM ET,60,27,,85.7,56.4
1785965886957,Aug 5 2026 5:38 PM ET,60,27,,85.7,56.4
1786021242706,Aug 6 2026 9:00 AM ET,60,25,,85.7,55.4
1786029791845,Aug 6 2026 11:23 AM ET,62,25,,85.7,55.4
1786103465466,Aug 7 2026 7:51 AM ET,60,29,,85.7,57.4
1786106383652,Aug 7 2026 8:39 AM ET,60,29,,85.7,57.4
1786111141769,Aug 7 2026 9:59 AM ET,64,29,,85.7,57.4
1786114974498,Aug 7 2026 11:02 AM ET,64,29,,85.7,57.4
1786118736164,Aug 7 2026 12:05 PM ET,64,29,,85.7,57.4
1786122366003,Aug 7 2026 1:06 PM ET,64,29,,85.7,57.4
1786125644872,Aug 7 2026 2:00 PM ET,64,29,,85.7,57.4
1786129764307,Aug 7 2026 3:09 PM ET,63,29,,85.7,57.4
1786132727190,Aug 7 2026 3:58 PM ET,64,29,,85.7,57.4
1786135895261,Aug 7 2026 4:51 PM ET,64,29,,85.7,57.4
1786138188162,Aug 7 2026 5:29 PM ET,64,29,,85.7,57.4
1786362866739,Aug 10 2026 7:54 AM ET,64,30,,85.7,57.9
1786368888662,Aug 10 2026 9:34 AM ET,65,30,,85.7,57.9
1786372960035,Aug 10 2026 10:42 AM ET,66,30,,85.7,57.9
1786376475133,Aug 10 2026 11:41 AM ET,66,30,,85.7,57.9
1786379628561,Aug 10 2026 12:33 PM ET,65,30,,85.7,57.9
1786383310068,Aug 10 2026 1:35 PM ET,65,30,,85.7,57.9
1786386761196,Aug 10 2026 2:32 PM ET,64,30,,85.7,57.9
1786390623839,Aug 10 2026 3:37 PM ET,64,30,,85.7,57.9
1786393286677,Aug 10 2026 4:21 PM ET,64,30,,85.7,57.9
1786396149443,Aug 10 2026 5:09 PM ET,64,30,,85.7,57.9
1786399043604,Aug 10 2026 5:57 PM ET,64,30,,85.7,57.9
1786449061108,Aug 11 2026 7:51 AM ET,65,29,,85.7,57.4
1786452042954,Aug 11 2026 8:40 AM ET,65,29,,85.7,57.4
1786457165479,Aug 11 2026 10:06 AM ET,62,29,,85.7,57.4
1786461312059,Aug 11 2026 11:15 AM ET,64,29,,85.7,57.4
1786464838623,Aug 11 2026 12:13 PM ET,62,29,,85.7,57.4
1786468997275,Aug 11 2026 1:23 PM ET,61,29,,85.7,57.4
1786472836423,Aug 11 2026 2:27 PM ET,61,29,,85.7,57.4
1786477073866,Aug 11 2026 3:37 PM ET,61,29,,85.7,57.4
1786479779149,Aug 11 2026 4:22 PM ET,61,29,,85.7,57.4
1786482805140,Aug 11 2026 5:13 PM ET,61,29,,85.7,57.4
1786535649197,Aug 12 2026 7:54 AM ET,61,27,,85.7,56.4
1786541692566,Aug 12 2026 9:34 AM ET,61,27,,71.4,49.2
1786545782710,Aug 12 2026 10:43 AM ET,63,27,,71.4,49.2
1786549267139,Aug 12 2026 11:41 AM ET,62,27,,71.4,49.2
1786552633804,Aug 12 2026 12:37 PM ET,62,27,,71.4,49.2
1786556462734,Aug 12 2026 1:41 PM ET,62,27,,71.4,49.2
1786559829175,Aug 12 2026 2:37 PM ET,62,27,,71.4,49.2
1786564039852,Aug 12 2026 3:47 PM ET,63,27,,71.4,49.2
1786566424585,Aug 12 2026 4:27 PM ET,62,27,,71.4,49.2
1786569799230,Aug 12 2026 5:23 PM ET,62,27,,71.4,49.2
1786622056825,Aug 13 2026 7:54 AM ET,62,29,,71.4,50.2
1786628143800,Aug 13 2026 9:35 AM ET,63,29,,71.4,50.2
1786635683268,Aug 13 2026 11:41 AM ET,65,29,,71.4,50.2
1786639036471,Aug 13 2026 12:37 PM ET,65,29,,71.4,50.2
1786642849961,Aug 13 2026 1:40 PM ET,66,29,,71.4,50.2
1786646286862,Aug 13 2026 2:38 PM ET,66,29,,71.4,50.2
1786650180529,Aug 13 2026 3:43 PM ET,66,29,,71.4,50.2
1786652561653,Aug 13 2026 4:22 PM ET,66,29,,71.4,50.2
1786655544984,Aug 13 2026 5:12 PM ET,66,29,,71.4,50.2
1786708288083,Aug 14 2026 7:51 AM ET,67,29,,71.4,50.2
1786711374443,Aug 14 2026 8:42 AM ET,67,29,,71.4,50.2
1786716196128,Aug 14 2026 10:03 AM ET,68,29,,71.4,50.2
1786719970129,Aug 14 2026 11:06 AM ET,66,29,,71.4,50.2
1786723500566,Aug 14 2026 12:05 PM ET,65,29,,71.4,50.2
1786727399476,Aug 14 2026 1:09 PM ET,64,29,,71.4,50.2
1786730778494,Aug 14 2026 2:06 PM ET,64,29,,71.4,50.2
1786734753134,Aug 14 2026 3:12 PM ET,65,29,,71.4,50.2
1786737447778,Aug 14 2026 3:57 PM ET,65,29,,71.4,50.2
1786739877598,Aug 14 2026 4:37 PM ET,65,29,,71.4,50.2
1786741294826,Aug 14 2026 5:01 PM ET,65,29,,71.4,50.2
1786743288622,Aug 14 2026 5:34 PM ET,65,29,,71.4,50.2
1786744690084,Aug 14 2026 5:58 PM ET,65,29,,71.4,50.2
1786966388907,Aug 17 2026 7:33 AM ET,65,31,,71.4,51.2
1786967712424,Aug 17 2026 7:55 AM ET,65,31,,71.4,51.2
1786971550100,Aug 17 2026 8:59 AM ET,65,31,,71.4,51.2
1786974410661,Aug 17 2026 9:46 AM ET,64,31,,85.7,58.4
1786975997663,Aug 17 2026 10:13 AM ET,63,31,,85.7,58.4
1786978153761,Aug 17 2026 10:49 AM ET,62,31,,85.7,58.4
1786979541909,Aug 17 2026 11:12 AM ET,62,31,,85.7,58.4
1786981360776,Aug 17 2026 11:42 AM ET,63,31,,85.7,58.4
1786982439433,Aug 17 2026 12:00 PM ET,62,31,,85.7,58.4
1786984719843,Aug 17 2026 12:38 PM ET,63,31,,85.7,58.4
1786986158055,Aug 17 2026 1:02 PM ET,62,31,,85.7,58.4
1786988309777,Aug 17 2026 1:38 PM ET,61,31,,85.7,58.4
1786989755051,Aug 17 2026 2:02 PM ET,61,31,,85.7,58.4
1786992821846,Aug 17 2026 2:53 PM ET,61,31,,85.7,58.4
1786995267506,Aug 17 2026 3:34 PM ET,61,31,,85.7,58.4
1786996703185,Aug 17 2026 3:58 PM ET,60,31,,85.7,58.4
1786998911930,Aug 17 2026 4:35 PM ET,60,31,,71.4,51.2
1787000514528,Aug 17 2026 5:01 PM ET,60,31,,71.4,51.2
1787002485600,Aug 17 2026 5:34 PM ET,60,31,,57.1,44.1
1787003931267,Aug 17 2026 5:58 PM ET,60,31,,57.1,44.1
1787052785156,Aug 18 2026 7:33 AM ET,59,41,,71.4,56.2
1787054180592,Aug 18 2026 7:56 AM ET,59,41,,71.4,56.2
1787058051262,Aug 18 2026 9:00 AM ET,59,41,,71.4,56.2
1787061049727,Aug 18 2026 9:50 AM ET,56,41,,85.7,63.4
1787062891234,Aug 18 2026 10:21 AM ET,55,41,,85.7,63.4
1787065152489,Aug 18 2026 10:59 AM ET,55,41,,85.7,63.4
1787067578180,Aug 18 2026 11:39 AM ET,55,41,,71.4,56.2
1787068944425,Aug 18 2026 12:02 PM ET,55,41,,57.1,49.1
1787071468660,Aug 18 2026 12:44 PM ET,55,41,,57.1,49.1
1787073256743,Aug 18 2026 1:14 PM ET,55,41,,57.1,49.1
1787075305804,Aug 18 2026 1:48 PM ET,55,41,,57.1,49.1
1787076945699,Aug 18 2026 2:15 PM ET,54,41,,71.4,56.2
1787079746620,Aug 18 2026 3:02 PM ET,55,41,,57.1,49.1
1787081722274,Aug 18 2026 3:35 PM ET,55,41,,57.1,49.1
1787083003682,Aug 18 2026 3:56 PM ET,55,41,,57.1,49.1
1787085173276,Aug 18 2026 4:32 PM ET,54,41,,57.1,49.1
1787086536494,Aug 18 2026 4:55 PM ET,54,41,,57.1,49.1
1787088672216,Aug 18 2026 5:31 PM ET,54,41,,57.1,49.1
1787089945953,Aug 18 2026 5:52 PM ET,54,41,,57.1,49.1
1787139164718,Aug 19 2026 7:32 AM ET,54,46,,57.1,51.6
1787140550816,Aug 19 2026 7:55 AM ET,54,46,,57.1,51.6
1787144497419,Aug 19 2026 9:01 AM ET,54,46,,57.1,51.6
1787147550929,Aug 19 2026 9:52 AM ET,59,46,,71.4,58.7
1787149565333,Aug 19 2026 10:26 AM ET,57,46,,71.4,58.7
1787151815631,Aug 19 2026 11:03 AM ET,58,46,,71.4,58.7
1787154293791,Aug 19 2026 11:44 AM ET,58,46,,71.4,58.7
1787156073445,Aug 19 2026 12:14 PM ET,58,46,,71.4,58.7
1787158286898,Aug 19 2026 12:51 PM ET,58,46,,71.4,58.7
1787159925587,Aug 19 2026 1:18 PM ET,58,46,,71.4,58.7
1787161537055,Aug 19 2026 1:45 PM ET,57,46,,71.4,58.7
1787163180475,Aug 19 2026 2:13 PM ET,58,46,,71.4,58.7
1787165733740,Aug 19 2026 2:55 PM ET,57,46,,71.4,58.7
1787167956542,Aug 19 2026 3:32 PM ET,57,46,,71.4,58.7
1787169281522,Aug 19 2026 3:54 PM ET,56,46,,71.4,58.7
1787171817605,Aug 19 2026 4:36 PM ET,56,46,,71.4,58.7
1787173309689,Aug 19 2026 5:01 PM ET,56,46,,71.4,58.7
1787175313611,Aug 19 2026 5:35 PM ET,56,46,,71.4,58.7
1787176770418,Aug 19 2026 5:59 PM ET,56,46,,71.4,58.7
1787225685730,Aug 20 2026 7:34 AM ET,57,62,,71.4,66.7
1787227250828,Aug 20 2026 8:00 AM ET,57,62,,71.4,66.7
1787231136356,Aug 20 2026 9:05 AM ET,57,62,,71.4,66.7
1787234255319,Aug 20 2026 9:57 AM ET,57,62,,71.4,66.7
1787237064454,Aug 20 2026 10:44 AM ET,55,62,,71.4,66.7
1787239191383,Aug 20 2026 11:19 AM ET,55,62,,71.4,66.7
1787241244966,Aug 20 2026 11:54 AM ET,55,62,,71.4,66.7
1787244203972,Aug 20 2026 12:43 PM ET,55,62,,71.4,66.7
1787246117172,Aug 20 2026 1:15 PM ET,55,62,,71.4,66.7
1787248263859,Aug 20 2026 1:51 PM ET,54,62,,71.4,66.7
1787250204907,Aug 20 2026 2:23 PM ET,54,62,,71.4,66.7
1787253085612,Aug 20 2026 3:11 PM ET,53,62,,71.4,66.7
1787255196457,Aug 20 2026 3:46 PM ET,53,62,,71.4,66.7
1787256762402,Aug 20 2026 4:12 PM ET,53,62,,71.4,66.7
1787258909788,Aug 20 2026 4:48 PM ET,52,62,,71.4,66.7
1787260468438,Aug 20 2026 5:14 PM ET,52,62,,71.4,66.7
1787262516741,Aug 20 2026 5:48 PM ET,52,62,,71.4,66.7
1787311974978,Aug 21 2026 7:32 AM ET,52,72,,71.4,71.7
1787313430969,Aug 21 2026 7:57 AM ET,52,72,,71.4,71.7
1787317360014,Aug 21 2026 9:02 AM ET,52,72,,71.4,71.7
1787320451713,Aug 21 2026 9:54 AM ET,56,72,,71.4,71.7
1787323437074,Aug 21 2026 10:43 AM ET,56,72,,71.4,71.7
1787325506412,Aug 21 2026 11:18 AM ET,56,72,,71.4,71.7
1787327614577,Aug 21 2026 11:53 AM ET,56,72,,71.4,71.7
1787330609628,Aug 21 2026 12:43 PM ET,56,72,,71.4,71.7
1787332531191,Aug 21 2026 1:15 PM ET,56,72,,71.4,71.7
1787334644475,Aug 21 2026 1:50 PM ET,56,72,,71.4,71.7
1787336440130,Aug 21 2026 2:20 PM ET,56,72,,71.4,71.7
1787339042432,Aug 21 2026 3:04 PM ET,55,72,,71.4,71.7
1787340960347,Aug 21 2026 3:36 PM ET,56,72,,71.4,71.7
1787342167428,Aug 21 2026 3:56 PM ET,56,72,,71.4,71.7
1787344403422,Aug 21 2026 4:33 PM ET,55,72,,71.4,71.7
1787345979899,Aug 21 2026 4:59 PM ET,55,72,,71.4,71.7
1787347962089,Aug 21 2026 5:32 PM ET,55,72,,71.4,71.7
1787349338783,Aug 21 2026 5:55 PM ET,55,72,,71.4,71.7
1787571384433,Aug 24 2026 7:36 AM ET,55,73,,71.4,72.2
1787572839156,Aug 24 2026 8:00 AM ET,55,73,,71.4,72.2
1787576834666,Aug 24 2026 9:07 AM ET,55,73,,71.4,72.2
1787580067023,Aug 24 2026 10:01 AM ET,56,73,,71.4,72.2
1787583224955,Aug 24 2026 10:53 AM ET,56,73,,71.4,72.2
1787586485010,Aug 24 2026 11:48 AM ET,56,73,,71.4,72.2
1787588333496,Aug 24 2026 12:18 PM ET,56,73,,71.4,72.2
1787590825349,Aug 24 2026 1:00 PM ET,56,73,,71.4,72.2
1787593119556,Aug 24 2026 1:38 PM ET,56,73,,71.4,72.2
1787594625915,Aug 24 2026 2:03 PM ET,55,73,,71.4,72.2
1787597864137,Aug 24 2026 2:57 PM ET,56,73,,71.4,72.2
1787600162429,Aug 24 2026 3:36 PM ET,55,73,,71.4,72.2
1787601707652,Aug 24 2026 4:01 PM ET,55,73,,71.4,72.2
1787604155365,Aug 24 2026 4:42 PM ET,55,73,,71.4,72.2
1787605961637,Aug 24 2026 5:12 PM ET,55,73,,71.4,72.2
1787607950172,Aug 24 2026 5:45 PM ET,55,73,,71.4,72.2
1787657732643,Aug 25 2026 7:35 AM ET,55,74,,71.4,72.7
1787659336683,Aug 25 2026 8:02 AM ET,55,74,,71.4,72.7
1787663186869,Aug 25 2026 9:06 AM ET,55,74,,71.4,72.7
1787666548199,Aug 25 2026 10:02 AM ET,60,74,,71.4,72.7
1787669884673,Aug 25 2026 10:58 AM ET,58,74,,71.4,72.7
1787673130333,Aug 25 2026 11:52 AM ET,58,74,,85.7,79.9
1787675258904,Aug 25 2026 12:27 PM ET,58,74,,85.7,79.9
